file_path,result_signal,estimated_depth,actual_depth,complexity,design_type
rtl_dataset\rtl\simple_alu_0000.v,result_0000,6,7,1,simple_alu
rtl_dataset\rtl\complex_datapath_0001.v,result_0001,26,23,3,complex_datapath
rtl_dataset\rtl\processor_datapath_0002.v,result_0002,15,12,4,processor_datapath
rtl_dataset\rtl\counter_with_logic_0003.v,result_0003,13,11,2,counter_with_logic
rtl_dataset\rtl\counter_with_logic_0004.v,result_0004,3,2,1,counter_with_logic
rtl_dataset\rtl\pipeline_0005.v,result_0005,9,8,5,pipeline
rtl_dataset\rtl\simple_alu_0006.v,result_0006,19,22,5,simple_alu
rtl_dataset\rtl\pipeline_0007.v,result_0007,1,1,1,pipeline
rtl_dataset\rtl\counter_with_logic_0008.v,result_0008,11,11,3,counter_with_logic
rtl_dataset\rtl\pipeline_0009.v,result_0009,4,3,3,pipeline
rtl_dataset\rtl\simple_alu_0010.v,result_0010,12,10,3,simple_alu
rtl_dataset\rtl\counter_with_logic_0011.v,result_0011,27,23,4,counter_with_logic
rtl_dataset\rtl\complex_datapath_0012.v,result_0012,28,29,3,complex_datapath
rtl_dataset\rtl\complex_datapath_0013.v,result_0013,27,22,3,complex_datapath
rtl_dataset\rtl\complex_datapath_0014.v,result_0014,42,45,5,complex_datapath
rtl_dataset\rtl\pipeline_0015.v,result_0015,9,9,5,pipeline
rtl_dataset\rtl\counter_with_logic_0016.v,result_0016,14,14,3,counter_with_logic
rtl_dataset\rtl\processor_datapath_0017.v,result_0017,7,7,1,processor_datapath
rtl_dataset\rtl\simple_alu_0018.v,result_0018,3,3,1,simple_alu
rtl_dataset\rtl\counter_with_logic_0019.v,result_0019,17,13,4,counter_with_logic
rtl_dataset\rtl\pipeline_0020.v,result_0020,2,1,1,pipeline
rtl_dataset\rtl\simple_alu_0021.v,result_0021,12,10,4,simple_alu
rtl_dataset\rtl\simple_alu_0022.v,result_0022,4,4,1,simple_alu
rtl_dataset\rtl\pipeline_0023.v,result_0023,5,5,2,pipeline
rtl_dataset\rtl\complex_datapath_0024.v,result_0024,9,7,1,complex_datapath
rtl_dataset\rtl\simple_alu_0025.v,result_0025,8,8,2,simple_alu
rtl_dataset\rtl\complex_datapath_0026.v,result_0026,39,42,5,complex_datapath
rtl_dataset\rtl\pipeline_0027.v,result_0027,9,9,4,pipeline
rtl_dataset\rtl\simple_alu_0028.v,result_0028,20,16,5,simple_alu
rtl_dataset\rtl\processor_datapath_0029.v,result_0029,11,12,2,processor_datapath
rtl_dataset\rtl\simple_alu_0030.v,result_0030,17,17,4,simple_alu
rtl_dataset\rtl\counter_with_logic_0031.v,result_0031,28,28,5,counter_with_logic
rtl_dataset\rtl\complex_datapath_0032.v,result_0032,31,33,4,complex_datapath
rtl_dataset\rtl\complex_datapath_0033.v,result_0033,40,43,4,complex_datapath
rtl_dataset\rtl\processor_datapath_0034.v,result_0034,18,16,4,processor_datapath
rtl_dataset\rtl\simple_alu_0035.v,result_0035,5,4,2,simple_alu
rtl_dataset\rtl\complex_datapath_0036.v,result_0036,47,40,5,complex_datapath
rtl_dataset\rtl\simple_alu_0037.v,result_0037,4,4,1,simple_alu
rtl_dataset\rtl\complex_datapath_0038.v,result_0038,46,52,5,complex_datapath
rtl_dataset\rtl\complex_datapath_0039.v,result_0039,16,13,2,complex_datapath
rtl_dataset\rtl\complex_datapath_0040.v,result_0040,21,24,2,complex_datapath
rtl_dataset\rtl\complex_datapath_0041.v,result_0041,48,43,5,complex_datapath
rtl_dataset\rtl\counter_with_logic_0042.v,result_0042,32,32,4,counter_with_logic
rtl_dataset\rtl\counter_with_logic_0043.v,result_0043,8,8,3,counter_with_logic
rtl_dataset\rtl\counter_with_logic_0044.v,result_0044,11,8,2,counter_with_logic
rtl_dataset\rtl\counter_with_logic_0045.v,result_0045,31,25,4,counter_with_logic
rtl_dataset\rtl\counter_with_logic_0046.v,result_0046,12,10,2,counter_with_logic
rtl_dataset\rtl\pipeline_0047.v,result_0047,11,12,5,pipeline
rtl_dataset\rtl\counter_with_logic_0048.v,result_0048,30,25,5,counter_with_logic
rtl_dataset\rtl\processor_datapath_0049.v,result_0049,20,18,4,processor_datapath
rtl_dataset\rtl\complex_datapath_0050.v,result_0050,18,17,2,complex_datapath
rtl_dataset\rtl\pipeline_0051.v,result_0051,10,11,5,pipeline
rtl_dataset\rtl\simple_alu_0052.v,result_0052,16,16,5,simple_alu
rtl_dataset\rtl\pipeline_0053.v,result_0053,4,3,2,pipeline
rtl_dataset\rtl\pipeline_0054.v,result_0054,5,4,2,pipeline
rtl_dataset\rtl\processor_datapath_0055.v,result_0055,8,6,1,processor_datapath
rtl_dataset\rtl\complex_datapath_0056.v,result_0056,42,37,5,complex_datapath
rtl_dataset\rtl\simple_alu_0057.v,result_0057,6,6,2,simple_alu
rtl_dataset\rtl\simple_alu_0058.v,result_0058,20,22,5,simple_alu
rtl_dataset\rtl\complex_datapath_0059.v,result_0059,27,24,3,complex_datapath
rtl_dataset\rtl\pipeline_0060.v,result_0060,5,4,2,pipeline
rtl_dataset\rtl\pipeline_0061.v,result_0061,9,7,5,pipeline
rtl_dataset\rtl\pipeline_0062.v,result_0062,7,6,3,pipeline
rtl_dataset\rtl\complex_datapath_0063.v,result_0063,13,12,1,complex_datapath
rtl_dataset\rtl\complex_datapath_0064.v,result_0064,22,22,2,complex_datapath
rtl_dataset\rtl\processor_datapath_0065.v,result_0065,16,14,3,processor_datapath
rtl_dataset\rtl\pipeline_0066.v,result_0066,7,7,5,pipeline
rtl_dataset\rtl\complex_datapath_0067.v,result_0067,46,49,5,complex_datapath
rtl_dataset\rtl\counter_with_logic_0068.v,result_0068,34,36,5,counter_with_logic
rtl_dataset\rtl\processor_datapath_0069.v,result_0069,20,21,5,processor_datapath
rtl_dataset\rtl\simple_alu_0070.v,result_0070,9,7,4,simple_alu
rtl_dataset\rtl\simple_alu_0071.v,result_0071,18,15,5,simple_alu
rtl_dataset\rtl\processor_datapath_0072.v,result_0072,8,7,1,processor_datapath
rtl_dataset\rtl\simple_alu_0073.v,result_0073,4,3,1,simple_alu
rtl_dataset\rtl\pipeline_0074.v,result_0074,8,7,4,pipeline
rtl_dataset\rtl\pipeline_0075.v,result_0075,9,7,5,pipeline
rtl_dataset\rtl\processor_datapath_0076.v,result_0076,21,21,5,processor_datapath
rtl_dataset\rtl\simple_alu_0077.v,result_0077,7,7,2,simple_alu
rtl_dataset\rtl\counter_with_logic_0078.v,result_0078,12,11,2,counter_with_logic
rtl_dataset\rtl\simple_alu_0079.v,result_0079,9,8,2,simple_alu
rtl_dataset\rtl\simple_alu_0080.v,result_0080,12,13,3,simple_alu
rtl_dataset\rtl\counter_with_logic_0081.v,result_0081,18,19,3,counter_with_logic
rtl_dataset\rtl\counter_with_logic_0082.v,result_0082,35,31,5,counter_with_logic
rtl_dataset\rtl\pipeline_0083.v,result_0083,9,8,4,pipeline
rtl_dataset\rtl\processor_datapath_0084.v,result_0084,8,6,1,processor_datapath
rtl_dataset\rtl\pipeline_0085.v,result_0085,4,4,2,pipeline
rtl_dataset\rtl\processor_datapath_0086.v,result_0086,17,14,4,processor_datapath
rtl_dataset\rtl\pipeline_0087.v,result_0087,8,8,4,pipeline
rtl_dataset\rtl\simple_alu_0088.v,result_0088,20,21,5,simple_alu
rtl_dataset\rtl\simple_alu_0089.v,result_0089,16,14,4,simple_alu
rtl_dataset\rtl\pipeline_0090.v,result_0090,8,8,4,pipeline
rtl_dataset\rtl\complex_datapath_0091.v,result_0091,23,23,2,complex_datapath
rtl_dataset\rtl\processor_datapath_0092.v,result_0092,13,12,2,processor_datapath
rtl_dataset\rtl\complex_datapath_0093.v,result_0093,38,37,4,complex_datapath
rtl_dataset\rtl\complex_datapath_0094.v,result_0094,28,28,3,complex_datapath
rtl_dataset\rtl\processor_datapath_0095.v,result_0095,8,7,1,processor_datapath
rtl_dataset\rtl\processor_datapath_0096.v,result_0096,13,12,3,processor_datapath
rtl_dataset\rtl\counter_with_logic_0097.v,result_0097,33,38,5,counter_with_logic
rtl_dataset\rtl\simple_alu_0098.v,result_0098,12,12,3,simple_alu
rtl_dataset\rtl\complex_datapath_0099.v,result_0099,19,19,2,complex_datapath
rtl_dataset\rtl\pipeline_0100.v,result_0100,5,5,2,pipeline
rtl_dataset\rtl\counter_with_logic_0101.v,result_0101,32,34,5,counter_with_logic
rtl_dataset\rtl\simple_alu_0102.v,result_0102,17,17,4,simple_alu
rtl_dataset\rtl\complex_datapath_0103.v,result_0103,22,24,2,complex_datapath
rtl_dataset\rtl\simple_alu_0104.v,result_0104,5,5,1,simple_alu
rtl_dataset\rtl\pipeline_0105.v,result_0105,5,5,2,pipeline
rtl_dataset\rtl\simple_alu_0106.v,result_0106,4,4,1,simple_alu
rtl_dataset\rtl\complex_datapath_0107.v,result_0107,28,26,3,complex_datapath
rtl_dataset\rtl\simple_alu_0108.v,result_0108,17,17,5,simple_alu
rtl_dataset\rtl\simple_alu_0109.v,result_0109,4,3,1,simple_alu
rtl_dataset\rtl\counter_with_logic_0110.v,result_0110,2,1,1,counter_with_logic
rtl_dataset\rtl\simple_alu_0111.v,result_0111,8,9,2,simple_alu
rtl_dataset\rtl\simple_alu_0112.v,result_0112,3,3,1,simple_alu
rtl_dataset\rtl\complex_datapath_0113.v,result_0113,23,25,2,complex_datapath
rtl_dataset\rtl\processor_datapath_0114.v,result_0114,14,13,3,processor_datapath
rtl_dataset\rtl\complex_datapath_0115.v,result_0115,47,43,5,complex_datapath
rtl_dataset\rtl\complex_datapath_0116.v,result_0116,28,30,3,complex_datapath
rtl_dataset\rtl\simple_alu_0117.v,result_0117,8,8,2,simple_alu
rtl_dataset\rtl\complex_datapath_0118.v,result_0118,36,41,4,complex_datapath
rtl_dataset\rtl\complex_datapath_0119.v,result_0119,35,36,4,complex_datapath
rtl_dataset\rtl\simple_alu_0120.v,result_0120,9,7,2,simple_alu
rtl_dataset\rtl\counter_with_logic_0121.v,result_0121,9,7,2,counter_with_logic
rtl_dataset\rtl\processor_datapath_0122.v,result_0122,15,17,3,processor_datapath
rtl_dataset\rtl\pipeline_0123.v,result_0123,9,7,5,pipeline
rtl_dataset\rtl\counter_with_logic_0124.v,result_0124,11,10,3,counter_with_logic
rtl_dataset\rtl\pipeline_0125.v,result_0125,7,7,2,pipeline
rtl_dataset\rtl\pipeline_0126.v,result_0126,7,6,4,pipeline
rtl_dataset\rtl\simple_alu_0127.v,result_0127,14,12,4,simple_alu
rtl_dataset\rtl\pipeline_0128.v,result_0128,4,4,3,pipeline
rtl_dataset\rtl\simple_alu_0129.v,result_0129,10,11,3,simple_alu
rtl_dataset\rtl\simple_alu_0130.v,result_0130,11,10,3,simple_alu
rtl_dataset\rtl\counter_with_logic_0131.v,result_0131,27,30,4,counter_with_logic
rtl_dataset\rtl\processor_datapath_0132.v,result_0132,18,18,5,processor_datapath
rtl_dataset\rtl\complex_datapath_0133.v,result_0133,36,35,4,complex_datapath
rtl_dataset\rtl\pipeline_0134.v,result_0134,5,5,3,pipeline
rtl_dataset\rtl\complex_datapath_0135.v,result_0135,22,18,2,complex_datapath
rtl_dataset\rtl\complex_datapath_0136.v,result_0136,11,11,1,complex_datapath
rtl_dataset\rtl\processor_datapath_0137.v,result_0137,20,16,5,processor_datapath
rtl_dataset\rtl\simple_alu_0138.v,result_0138,18,21,5,simple_alu
rtl_dataset\rtl\processor_datapath_0139.v,result_0139,16,15,4,processor_datapath
rtl_dataset\rtl\processor_datapath_0140.v,result_0140,8,8,1,processor_datapath
rtl_dataset\rtl\processor_datapath_0141.v,result_0141,8,7,1,processor_datapath
rtl_dataset\rtl\complex_datapath_0142.v,result_0142,39,41,4,complex_datapath
rtl_dataset\rtl\complex_datapath_0143.v,result_0143,37,35,4,complex_datapath
rtl_dataset\rtl\simple_alu_0144.v,result_0144,15,13,5,simple_alu
rtl_dataset\rtl\counter_with_logic_0145.v,result_0145,10,10,3,counter_with_logic
rtl_dataset\rtl\counter_with_logic_0146.v,result_0146,2,1,1,counter_with_logic
rtl_dataset\rtl\simple_alu_0147.v,result_0147,17,19,5,simple_alu
rtl_dataset\rtl\processor_datapath_0148.v,result_0148,12,13,3,processor_datapath
rtl_dataset\rtl\simple_alu_0149.v,result_0149,19,20,5,simple_alu
rtl_dataset\rtl\pipeline_0150.v,result_0150,7,8,4,pipeline
rtl_dataset\rtl\pipeline_0151.v,result_0151,5,4,2,pipeline
rtl_dataset\rtl\complex_datapath_0152.v,result_0152,42,39,5,complex_datapath
rtl_dataset\rtl\counter_with_logic_0153.v,result_0153,11,10,3,counter_with_logic
rtl_dataset\rtl\complex_datapath_0154.v,result_0154,40,45,4,complex_datapath
rtl_dataset\rtl\counter_with_logic_0155.v,result_0155,13,13,2,counter_with_logic
rtl_dataset\rtl\simple_alu_0156.v,result_0156,9,9,3,simple_alu
rtl_dataset\rtl\counter_with_logic_0157.v,result_0157,11,11,3,counter_with_logic
rtl_dataset\rtl\complex_datapath_0158.v,result_0158,43,49,5,complex_datapath
rtl_dataset\rtl\pipeline_0159.v,result_0159,4,4,2,pipeline
rtl_dataset\rtl\pipeline_0160.v,result_0160,6,5,2,pipeline
rtl_dataset\rtl\simple_alu_0161.v,result_0161,8,9,2,simple_alu
rtl_dataset\rtl\complex_datapath_0162.v,result_0162,47,37,5,complex_datapath
rtl_dataset\rtl\counter_with_logic_0163.v,result_0163,4,4,1,counter_with_logic
rtl_dataset\rtl\simple_alu_0164.v,result_0164,17,19,5,simple_alu
rtl_dataset\rtl\counter_with_logic_0165.v,result_0165,34,38,4,counter_with_logic
rtl_dataset\rtl\pipeline_0166.v,result_0166,2,1,1,pipeline
rtl_dataset\rtl\complex_datapath_0167.v,result_0167,12,11,1,complex_datapath
rtl_dataset\rtl\counter_with_logic_0168.v,result_0168,10,8,3,counter_with_logic
rtl_dataset\rtl\simple_alu_0169.v,result_0169,3,2,1,simple_alu
rtl_dataset\rtl\counter_with_logic_0170.v,result_0170,24,26,4,counter_with_logic
rtl_dataset\rtl\complex_datapath_0171.v,result_0171,24,25,2,complex_datapath
rtl_dataset\rtl\simple_alu_0172.v,result_0172,16,17,4,simple_alu
rtl_dataset\rtl\counter_with_logic_0173.v,result_0173,14,13,3,counter_with_logic
rtl_dataset\rtl\complex_datapath_0174.v,result_0174,9,10,1,complex_datapath
rtl_dataset\rtl\processor_datapath_0175.v,result_0175,8,6,1,processor_datapath
rtl_dataset\rtl\processor_datapath_0176.v,result_0176,14,16,3,processor_datapath
rtl_dataset\rtl\pipeline_0177.v,result_0177,5,4,3,pipeline
rtl_dataset\rtl\simple_alu_0178.v,result_0178,16,17,4,simple_alu
rtl_dataset\rtl\processor_datapath_0179.v,result_0179,8,7,1,processor_datapath
rtl_dataset\rtl\simple_alu_0180.v,result_0180,20,21,5,simple_alu
rtl_dataset\rtl\pipeline_0181.v,result_0181,5,5,3,pipeline
rtl_dataset\rtl\simple_alu_0182.v,result_0182,2,2,1,simple_alu
rtl_dataset\rtl\pipeline_0183.v,result_0183,5,4,2,pipeline
rtl_dataset\rtl\counter_with_logic_0184.v,result_0184,13,14,2,counter_with_logic
rtl_dataset\rtl\pipeline_0185.v,result_0185,9,9,4,pipeline
rtl_dataset\rtl\counter_with_logic_0186.v,result_0186,4,4,1,counter_with_logic
rtl_dataset\rtl\pipeline_0187.v,result_0187,5,5,2,pipeline
rtl_dataset\rtl\simple_alu_0188.v,result_0188,7,5,2,simple_alu
rtl_dataset\rtl\pipeline_0189.v,result_0189,2,1,1,pipeline
rtl_dataset\rtl\pipeline_0190.v,result_0190,6,4,3,pipeline
rtl_dataset\rtl\simple_alu_0191.v,result_0191,21,21,5,simple_alu
rtl_dataset\rtl\processor_datapath_0192.v,result_0192,8,7,1,processor_datapath
rtl_dataset\rtl\pipeline_0193.v,result_0193,12,11,5,pipeline
rtl_dataset\rtl\complex_datapath_0194.v,result_0194,24,22,3,complex_datapath
rtl_dataset\rtl\processor_datapath_0195.v,result_0195,16,17,3,processor_datapath
rtl_dataset\rtl\complex_datapath_0196.v,result_0196,27,21,3,complex_datapath
rtl_dataset\rtl\complex_datapath_0197.v,result_0197,24,27,3,complex_datapath
rtl_dataset\rtl\simple_alu_0198.v,result_0198,4,4,1,simple_alu
rtl_dataset\rtl\simple_alu_0199.v,result_0199,9,7,2,simple_alu
rtl_dataset\rtl\pipeline_0200.v,result_0200,9,9,5,pipeline
rtl_dataset\rtl\complex_datapath_0201.v,result_0201,11,12,1,complex_datapath
rtl_dataset\rtl\simple_alu_0202.v,result_0202,12,13,3,simple_alu
rtl_dataset\rtl\processor_datapath_0203.v,result_0203,21,16,5,processor_datapath
rtl_dataset\rtl\pipeline_0204.v,result_0204,4,4,2,pipeline
rtl_dataset\rtl\pipeline_0205.v,result_0205,2,1,1,pipeline
rtl_dataset\rtl\counter_with_logic_0206.v,result_0206,9,8,2,counter_with_logic
rtl_dataset\rtl\complex_datapath_0207.v,result_0207,49,44,5,complex_datapath
rtl_dataset\rtl\counter_with_logic_0208.v,result_0208,22,25,4,counter_with_logic
rtl_dataset\rtl\simple_alu_0209.v,result_0209,9,10,3,simple_alu
rtl_dataset\rtl\counter_with_logic_0210.v,result_0210,36,41,5,counter_with_logic
rtl_dataset\rtl\pipeline_0211.v,result_0211,1,1,1,pipeline
rtl_dataset\rtl\processor_datapath_0212.v,result_0212,19,17,5,processor_datapath
rtl_dataset\rtl\pipeline_0213.v,result_0213,5,4,2,pipeline
rtl_dataset\rtl\simple_alu_0214.v,result_0214,14,16,5,simple_alu
rtl_dataset\rtl\complex_datapath_0215.v,result_0215,30,25,3,complex_datapath
rtl_dataset\rtl\complex_datapath_0216.v,result_0216,42,39,5,complex_datapath
rtl_dataset\rtl\pipeline_0217.v,result_0217,8,8,4,pipeline
rtl_dataset\rtl\complex_datapath_0218.v,result_0218,27,30,3,complex_datapath
rtl_dataset\rtl\complex_datapath_0219.v,result_0219,48,46,5,complex_datapath
rtl_dataset\rtl\simple_alu_0220.v,result_0220,16,18,4,simple_alu
rtl_dataset\rtl\complex_datapath_0221.v,result_0221,13,15,1,complex_datapath
rtl_dataset\rtl\pipeline_0222.v,result_0222,2,2,1,pipeline
rtl_dataset\rtl\processor_datapath_0223.v,result_0223,24,27,5,processor_datapath
rtl_dataset\rtl\simple_alu_0224.v,result_0224,4,4,1,simple_alu
rtl_dataset\rtl\complex_datapath_0225.v,result_0225,9,8,1,complex_datapath
rtl_dataset\rtl\simple_alu_0226.v,result_0226,18,16,5,simple_alu
rtl_dataset\rtl\complex_datapath_0227.v,result_0227,38,34,4,complex_datapath
rtl_dataset\rtl\processor_datapath_0228.v,result_0228,23,21,5,processor_datapath
rtl_dataset\rtl\pipeline_0229.v,result_0229,8,8,5,pipeline
rtl_dataset\rtl\pipeline_0230.v,result_0230,2,1,1,pipeline
rtl_dataset\rtl\processor_datapath_0231.v,result_0231,13,11,2,processor_datapath
rtl_dataset\rtl\pipeline_0232.v,result_0232,7,7,2,pipeline
rtl_dataset\rtl\simple_alu_0233.v,result_0233,13,13,4,simple_alu
rtl_dataset\rtl\pipeline_0234.v,result_0234,8,9,5,pipeline
rtl_dataset\rtl\counter_with_logic_0235.v,result_0235,12,14,2,counter_with_logic
rtl_dataset\rtl\pipeline_0236.v,result_0236,10,10,5,pipeline
rtl_dataset\rtl\counter_with_logic_0237.v,result_0237,6,6,3,counter_with_logic
rtl_dataset\rtl\complex_datapath_0238.v,result_0238,36,39,4,complex_datapath
rtl_dataset\rtl\counter_with_logic_0239.v,result_0239,3,2,1,counter_with_logic
rtl_dataset\rtl\simple_alu_0240.v,result_0240,7,7,2,simple_alu
rtl_dataset\rtl\simple_alu_0241.v,result_0241,14,11,4,simple_alu
rtl_dataset\rtl\complex_datapath_0242.v,result_0242,42,46,4,complex_datapath
rtl_dataset\rtl\simple_alu_0243.v,result_0243,5,4,1,simple_alu
rtl_dataset\rtl\processor_datapath_0244.v,result_0244,13,10,2,processor_datapath
rtl_dataset\rtl\complex_datapath_0245.v,result_0245,47,51,5,complex_datapath
rtl_dataset\rtl\complex_datapath_0246.v,result_0246,42,34,4,complex_datapath
rtl_dataset\rtl\processor_datapath_0247.v,result_0247,17,17,4,processor_datapath
rtl_dataset\rtl\pipeline_0248.v,result_0248,9,10,4,pipeline
rtl_dataset\rtl\simple_alu_0249.v,result_0249,15,13,4,simple_alu
rtl_dataset\rtl\simple_alu_0250.v,result_0250,14,15,5,simple_alu
rtl_dataset\rtl\processor_datapath_0251.v,result_0251,17,16,4,processor_datapath
rtl_dataset\rtl\pipeline_0252.v,result_0252,4,3,3,pipeline
rtl_dataset\rtl\processor_datapath_0253.v,result_0253,8,9,1,processor_datapath
rtl_dataset\rtl\counter_with_logic_0254.v,result_0254,3,2,1,counter_with_logic
rtl_dataset\rtl\simple_alu_0255.v,result_0255,9,10,3,simple_alu
rtl_dataset\rtl\counter_with_logic_0256.v,result_0256,31,25,4,counter_with_logic
rtl_dataset\rtl\counter_with_logic_0257.v,result_0257,36,35,5,counter_with_logic
rtl_dataset\rtl\simple_alu_0258.v,result_0258,4,3,1,simple_alu
rtl_dataset\rtl\complex_datapath_0259.v,result_0259,26,26,3,complex_datapath
rtl_dataset\rtl\simple_alu_0260.v,result_0260,14,16,4,simple_alu
rtl_dataset\rtl\simple_alu_0261.v,result_0261,10,9,3,simple_alu
rtl_dataset\rtl\complex_datapath_0262.v,result_0262,11,10,1,complex_datapath
rtl_dataset\rtl\pipeline_0263.v,result_0263,9,8,5,pipeline
rtl_dataset\rtl\pipeline_0264.v,result_0264,6,5,3,pipeline
rtl_dataset\rtl\processor_datapath_0265.v,result_0265,14,12,3,processor_datapath
rtl_dataset\rtl\pipeline_0266.v,result_0266,9,9,4,pipeline
rtl_dataset\rtl\processor_datapath_0267.v,result_0267,22,24,5,processor_datapath
rtl_dataset\rtl\counter_with_logic_0268.v,result_0268,28,31,4,counter_with_logic
rtl_dataset\rtl\processor_datapath_0269.v,result_0269,8,7,1,processor_datapath
rtl_dataset\rtl\complex_datapath_0270.v,result_0270,24,26,2,complex_datapath
rtl_dataset\rtl\pipeline_0271.v,result_0271,4,4,2,pipeline
rtl_dataset\rtl\complex_datapath_0272.v,result_0272,28,24,3,complex_datapath
rtl_dataset\rtl\complex_datapath_0273.v,result_0273,22,20,3,complex_datapath
rtl_dataset\rtl\pipeline_0274.v,result_0274,7,6,3,pipeline
rtl_dataset\rtl\complex_datapath_0275.v,result_0275,25,25,2,complex_datapath
rtl_dataset\rtl\counter_with_logic_0276.v,result_0276,4,4,1,counter_with_logic
rtl_dataset\rtl\complex_datapath_0277.v,result_0277,36,41,4,complex_datapath
rtl_dataset\rtl\complex_datapath_0278.v,result_0278,35,29,4,complex_datapath
rtl_dataset\rtl\counter_with_logic_0279.v,result_0279,22,18,4,counter_with_logic
rtl_dataset\rtl\pipeline_0280.v,result_0280,7,6,3,pipeline
rtl_dataset\rtl\pipeline_0281.v,result_0281,5,4,2,pipeline
rtl_dataset\rtl\complex_datapath_0282.v,result_0282,22,22,2,complex_datapath
rtl_dataset\rtl\simple_alu_0283.v,result_0283,18,20,5,simple_alu
rtl_dataset\rtl\simple_alu_0284.v,result_0284,4,4,1,simple_alu
rtl_dataset\rtl\pipeline_0285.v,result_0285,10,8,5,pipeline
rtl_dataset\rtl\pipeline_0286.v,result_0286,12,13,4,pipeline
rtl_dataset\rtl\pipeline_0287.v,result_0287,9,7,4,pipeline
rtl_dataset\rtl\simple_alu_0288.v,result_0288,19,19,5,simple_alu
rtl_dataset\rtl\simple_alu_0289.v,result_0289,14,14,3,simple_alu
rtl_dataset\rtl\complex_datapath_0290.v,result_0290,21,20,2,complex_datapath
rtl_dataset\rtl\processor_datapath_0291.v,result_0291,13,14,2,processor_datapath
rtl_dataset\rtl\simple_alu_0292.v,result_0292,11,9,3,simple_alu
rtl_dataset\rtl\pipeline_0293.v,result_0293,3,2,3,pipeline
rtl_dataset\rtl\simple_alu_0294.v,result_0294,11,12,2,simple_alu
rtl_dataset\rtl\processor_datapath_0295.v,result_0295,17,14,4,processor_datapath
rtl_dataset\rtl\simple_alu_0296.v,result_0296,17,17,5,simple_alu
rtl_dataset\rtl\processor_datapath_0297.v,result_0297,20,23,4,processor_datapath
rtl_dataset\rtl\pipeline_0298.v,result_0298,1,1,1,pipeline
rtl_dataset\rtl\counter_with_logic_0299.v,result_0299,29,26,4,counter_with_logic
rtl_dataset\rtl\pipeline_0300.v,result_0300,5,5,3,pipeline
rtl_dataset\rtl\processor_datapath_0301.v,result_0301,13,15,2,processor_datapath
rtl_dataset\rtl\pipeline_0302.v,result_0302,5,4,3,pipeline
rtl_dataset\rtl\counter_with_logic_0303.v,result_0303,36,40,5,counter_with_logic
rtl_dataset\rtl\processor_datapath_0304.v,result_0304,7,6,1,processor_datapath
rtl_dataset\rtl\simple_alu_0305.v,result_0305,14,13,4,simple_alu
rtl_dataset\rtl\pipeline_0306.v,result_0306,9,7,4,pipeline
rtl_dataset\rtl\pipeline_0307.v,result_0307,7,6,4,pipeline
rtl_dataset\rtl\pipeline_0308.v,result_0308,5,4,2,pipeline
rtl_dataset\rtl\processor_datapath_0309.v,result_0309,13,12,2,processor_datapath
rtl_dataset\rtl\simple_alu_0310.v,result_0310,3,3,1,simple_alu
rtl_dataset\rtl\counter_with_logic_0311.v,result_0311,42,45,5,counter_with_logic
rtl_dataset\rtl\complex_datapath_0312.v,result_0312,42,42,5,complex_datapath
rtl_dataset\rtl\counter_with_logic_0313.v,result_0313,4,4,1,counter_with_logic
rtl_dataset\rtl\simple_alu_0314.v,result_0314,21,24,5,simple_alu
rtl_dataset\rtl\pipeline_0315.v,result_0315,2,1,1,pipeline
rtl_dataset\rtl\simple_alu_0316.v,result_0316,4,4,1,simple_alu
rtl_dataset\rtl\simple_alu_0317.v,result_0317,16,19,5,simple_alu
rtl_dataset\rtl\counter_with_logic_0318.v,result_0318,9,7,3,counter_with_logic
rtl_dataset\rtl\pipeline_0319.v,result_0319,9,8,5,pipeline
rtl_dataset\rtl\processor_datapath_0320.v,result_0320,19,15,5,processor_datapath
rtl_dataset\rtl\simple_alu_0321.v,result_0321,20,22,5,simple_alu
rtl_dataset\rtl\pipeline_0322.v,result_0322,9,9,5,pipeline
rtl_dataset\rtl\complex_datapath_0323.v,result_0323,25,25,3,complex_datapath
rtl_dataset\rtl\counter_with_logic_0324.v,result_0324,29,34,4,counter_with_logic
rtl_dataset\rtl\pipeline_0325.v,result_0325,7,7,3,pipeline
rtl_dataset\rtl\processor_datapath_0326.v,result_0326,8,7,1,processor_datapath
rtl_dataset\rtl\pipeline_0327.v,result_0327,3,3,2,pipeline
rtl_dataset\rtl\processor_datapath_0328.v,result_0328,20,20,5,processor_datapath
rtl_dataset\rtl\simple_alu_0329.v,result_0329,15,16,5,simple_alu
rtl_dataset\rtl\counter_with_logic_0330.v,result_0330,3,3,1,counter_with_logic
rtl_dataset\rtl\complex_datapath_0331.v,result_0331,47,55,5,complex_datapath
rtl_dataset\rtl\simple_alu_0332.v,result_0332,11,9,3,simple_alu
rtl_dataset\rtl\simple_alu_0333.v,result_0333,4,3,1,simple_alu
rtl_dataset\rtl\counter_with_logic_0334.v,result_0334,11,11,3,counter_with_logic
rtl_dataset\rtl\counter_with_logic_0335.v,result_0335,31,31,4,counter_with_logic
rtl_dataset\rtl\counter_with_logic_0336.v,result_0336,14,12,3,counter_with_logic
rtl_dataset\rtl\processor_datapath_0337.v,result_0337,8,8,1,processor_datapath
rtl_dataset\rtl\pipeline_0338.v,result_0338,7,7,3,pipeline
rtl_dataset\rtl\complex_datapath_0339.v,result_0339,39,43,5,complex_datapath
rtl_dataset\rtl\counter_with_logic_0340.v,result_0340,14,15,2,counter_with_logic
rtl_dataset\rtl\counter_with_logic_0341.v,result_0341,3,3,1,counter_with_logic
rtl_dataset\rtl\processor_datapath_0342.v,result_0342,19,16,5,processor_datapath
rtl_dataset\rtl\simple_alu_0343.v,result_0343,9,10,3,simple_alu
rtl_dataset\rtl\complex_datapath_0344.v,result_0344,40,42,4,complex_datapath
rtl_dataset\rtl\counter_with_logic_0345.v,result_0345,32,27,5,counter_with_logic
rtl_dataset\rtl\complex_datapath_0346.v,result_0346,13,10,1,complex_datapath
rtl_dataset\rtl\complex_datapath_0347.v,result_0347,27,28,3,complex_datapath
rtl_dataset\rtl\processor_datapath_0348.v,result_0348,7,7,1,processor_datapath
rtl_dataset\rtl\pipeline_0349.v,result_0349,10,9,4,pipeline
rtl_dataset\rtl\processor_datapath_0350.v,result_0350,12,11,3,processor_datapath
rtl_dataset\rtl\pipeline_0351.v,result_0351,9,8,5,pipeline
rtl_dataset\rtl\counter_with_logic_0352.v,result_0352,3,3,1,counter_with_logic
rtl_dataset\rtl\counter_with_logic_0353.v,result_0353,3,2,1,counter_with_logic
rtl_dataset\rtl\processor_datapath_0354.v,result_0354,19,21,5,processor_datapath
rtl_dataset\rtl\processor_datapath_0355.v,result_0355,11,10,2,processor_datapath
rtl_dataset\rtl\complex_datapath_0356.v,result_0356,35,39,4,complex_datapath
rtl_dataset\rtl\counter_with_logic_0357.v,result_0357,16,18,3,counter_with_logic
rtl_dataset\rtl\pipeline_0358.v,result_0358,7,7,3,pipeline
rtl_dataset\rtl\complex_datapath_0359.v,result_0359,42,40,5,complex_datapath
rtl_dataset\rtl\pipeline_0360.v,result_0360,5,5,2,pipeline
rtl_dataset\rtl\simple_alu_0361.v,result_0361,15,15,4,simple_alu
rtl_dataset\rtl\processor_datapath_0362.v,result_0362,23,26,5,processor_datapath
rtl_dataset\rtl\simple_alu_0363.v,result_0363,11,11,3,simple_alu
rtl_dataset\rtl\pipeline_0364.v,result_0364,7,7,2,pipeline
rtl_dataset\rtl\complex_datapath_0365.v,result_0365,25,20,2,complex_datapath
rtl_dataset\rtl\counter_with_logic_0366.v,result_0366,39,37,5,counter_with_logic
rtl_dataset\rtl\counter_with_logic_0367.v,result_0367,15,14,3,counter_with_logic
rtl_dataset\rtl\complex_datapath_0368.v,result_0368,24,26,2,complex_datapath
rtl_dataset\rtl\pipeline_0369.v,result_0369,10,9,5,pipeline
rtl_dataset\rtl\counter_with_logic_0370.v,result_0370,12,12,3,counter_with_logic
rtl_dataset\rtl\counter_with_logic_0371.v,result_0371,3,2,1,counter_with_logic
rtl_dataset\rtl\complex_datapath_0372.v,result_0372,25,23,2,complex_datapath
rtl_dataset\rtl\counter_with_logic_0373.v,result_0373,11,11,2,counter_with_logic
rtl_dataset\rtl\simple_alu_0374.v,result_0374,10,9,3,simple_alu
rtl_dataset\rtl\processor_datapath_0375.v,result_0375,11,9,2,processor_datapath
rtl_dataset\rtl\processor_datapath_0376.v,result_0376,11,9,2,processor_datapath
rtl_dataset\rtl\complex_datapath_0377.v,result_0377,21,20,2,complex_datapath
rtl_dataset\rtl\complex_datapath_0378.v,result_0378,20,20,2,complex_datapath
rtl_dataset\rtl\complex_datapath_0379.v,result_0379,35,36,4,complex_datapath
rtl_dataset\rtl\pipeline_0380.v,result_0380,2,1,1,pipeline
rtl_dataset\rtl\simple_alu_0381.v,result_0381,20,20,5,simple_alu
rtl_dataset\rtl\simple_alu_0382.v,result_0382,17,20,5,simple_alu
rtl_dataset\rtl\counter_with_logic_0383.v,result_0383,31,29,4,counter_with_logic
rtl_dataset\rtl\counter_with_logic_0384.v,result_0384,2,1,1,counter_with_logic
rtl_dataset\rtl\counter_with_logic_0385.v,result_0385,33,37,4,counter_with_logic
rtl_dataset\rtl\pipeline_0386.v,result_0386,7,6,5,pipeline
rtl_dataset\rtl\simple_alu_0387.v,result_0387,6,7,2,simple_alu
rtl_dataset\rtl\processor_datapath_0388.v,result_0388,18,18,4,processor_datapath
rtl_dataset\rtl\simple_alu_0389.v,result_0389,11,11,3,simple_alu
rtl_dataset\rtl\counter_with_logic_0390.v,result_0390,13,15,2,counter_with_logic
rtl_dataset\rtl\pipeline_0391.v,result_0391,11,12,5,pipeline
rtl_dataset\rtl\processor_datapath_0392.v,result_0392,16,14,3,processor_datapath
rtl_dataset\rtl\pipeline_0393.v,result_0393,2,1,1,pipeline
rtl_dataset\rtl\counter_with_logic_0394.v,result_0394,9,9,2,counter_with_logic
rtl_dataset\rtl\complex_datapath_0395.v,result_0395,49,49,5,complex_datapath
rtl_dataset\rtl\counter_with_logic_0396.v,result_0396,28,28,4,counter_with_logic
rtl_dataset\rtl\complex_datapath_0397.v,result_0397,26,27,3,complex_datapath
rtl_dataset\rtl\complex_datapath_0398.v,result_0398,39,38,4,complex_datapath
rtl_dataset\rtl\simple_alu_0399.v,result_0399,15,14,4,simple_alu
rtl_dataset\rtl\pipeline_0400.v,result_0400,7,6,5,pipeline
rtl_dataset\rtl\counter_with_logic_0401.v,result_0401,3,3,1,counter_with_logic
rtl_dataset\rtl\simple_alu_0402.v,result_0402,16,13,5,simple_alu
rtl_dataset\rtl\pipeline_0403.v,result_0403,2,2,1,pipeline
rtl_dataset\rtl\processor_datapath_0404.v,result_0404,7,7,1,processor_datapath
rtl_dataset\rtl\processor_datapath_0405.v,result_0405,8,7,1,processor_datapath
rtl_dataset\rtl\simple_alu_0406.v,result_0406,9,7,2,simple_alu
rtl_dataset\rtl\pipeline_0407.v,result_0407,1,1,1,pipeline
rtl_dataset\rtl\pipeline_0408.v,result_0408,5,4,2,pipeline
rtl_dataset\rtl\simple_alu_0409.v,result_0409,7,6,2,simple_alu
rtl_dataset\rtl\pipeline_0410.v,result_0410,4,3,2,pipeline
rtl_dataset\rtl\processor_datapath_0411.v,result_0411,13,11,3,processor_datapath
rtl_dataset\rtl\processor_datapath_0412.v,result_0412,7,6,1,processor_datapath
rtl_dataset\rtl\counter_with_logic_0413.v,result_0413,20,16,4,counter_with_logic
rtl_dataset\rtl\processor_datapath_0414.v,result_0414,13,11,2,processor_datapath
rtl_dataset\rtl\complex_datapath_0415.v,result_0415,37,35,4,complex_datapath
rtl_dataset\rtl\counter_with_logic_0416.v,result_0416,7,6,3,counter_with_logic
rtl_dataset\rtl\processor_datapath_0417.v,result_0417,8,7,1,processor_datapath
rtl_dataset\rtl\complex_datapath_0418.v,result_0418,20,18,2,complex_datapath
rtl_dataset\rtl\counter_with_logic_0419.v,result_0419,29,27,5,counter_with_logic
rtl_dataset\rtl\processor_datapath_0420.v,result_0420,15,15,4,processor_datapath
rtl_dataset\rtl\pipeline_0421.v,result_0421,2,1,1,pipeline
rtl_dataset\rtl\processor_datapath_0422.v,result_0422,8,9,1,processor_datapath
rtl_dataset\rtl\simple_alu_0423.v,result_0423,18,15,5,simple_alu
rtl_dataset\rtl\processor_datapath_0424.v,result_0424,8,6,1,processor_datapath
rtl_dataset\rtl\counter_with_logic_0425.v,result_0425,14,11,2,counter_with_logic
rtl_dataset\rtl\pipeline_0426.v,result_0426,2,1,1,pipeline
rtl_dataset\rtl\complex_datapath_0427.v,result_0427,36,32,4,complex_datapath
rtl_dataset\rtl\complex_datapath_0428.v,result_0428,24,28,3,complex_datapath
rtl_dataset\rtl\simple_alu_0429.v,result_0429,3,3,1,simple_alu
rtl_dataset\rtl\processor_datapath_0430.v,result_0430,8,7,1,processor_datapath
rtl_dataset\rtl\processor_datapath_0431.v,result_0431,13,13,3,processor_datapath
rtl_dataset\rtl\complex_datapath_0432.v,result_0432,11,9,1,complex_datapath
rtl_dataset\rtl\counter_with_logic_0433.v,result_0433,28,30,4,counter_with_logic
rtl_dataset\rtl\processor_datapath_0434.v,result_0434,11,9,2,processor_datapath
rtl_dataset\rtl\processor_datapath_0435.v,result_0435,18,17,4,processor_datapath
rtl_dataset\rtl\counter_with_logic_0436.v,result_0436,39,39,5,counter_with_logic
rtl_dataset\rtl\counter_with_logic_0437.v,result_0437,2,1,1,counter_with_logic
rtl_dataset\rtl\simple_alu_0438.v,result_0438,9,9,3,simple_alu
rtl_dataset\rtl\counter_with_logic_0439.v,result_0439,19,16,3,counter_with_logic
rtl_dataset\rtl\processor_datapath_0440.v,result_0440,21,20,5,processor_datapath
rtl_dataset\rtl\complex_datapath_0441.v,result_0441,40,46,4,complex_datapath
rtl_dataset\rtl\pipeline_0442.v,result_0442,9,9,4,pipeline
rtl_dataset\rtl\processor_datapath_0443.v,result_0443,13,10,2,processor_datapath
rtl_dataset\rtl\processor_datapath_0444.v,result_0444,8,8,1,processor_datapath
rtl_dataset\rtl\processor_datapath_0445.v,result_0445,8,6,1,processor_datapath
rtl_dataset\rtl\pipeline_0446.v,result_0446,2,1,1,pipeline
rtl_dataset\rtl\simple_alu_0447.v,result_0447,7,8,3,simple_alu
rtl_dataset\rtl\counter_with_logic_0448.v,result_0448,30,32,4,counter_with_logic
rtl_dataset\rtl\simple_alu_0449.v,result_0449,5,4,2,simple_alu
rtl_dataset\rtl\processor_datapath_0450.v,result_0450,8,8,1,processor_datapath
rtl_dataset\rtl\processor_datapath_0451.v,result_0451,8,9,1,processor_datapath
rtl_dataset\rtl\processor_datapath_0452.v,result_0452,11,11,2,processor_datapath
rtl_dataset\rtl\pipeline_0453.v,result_0453,9,7,4,pipeline
rtl_dataset\rtl\simple_alu_0454.v,result_0454,4,4,1,simple_alu
rtl_dataset\rtl\pipeline_0455.v,result_0455,2,2,1,pipeline
rtl_dataset\rtl\processor_datapath_0456.v,result_0456,17,15,4,processor_datapath
rtl_dataset\rtl\processor_datapath_0457.v,result_0457,11,12,2,processor_datapath
rtl_dataset\rtl\pipeline_0458.v,result_0458,12,9,5,pipeline
rtl_dataset\rtl\processor_datapath_0459.v,result_0459,17,13,4,processor_datapath
rtl_dataset\rtl\processor_datapath_0460.v,result_0460,11,12,2,processor_datapath
rtl_dataset\rtl\processor_datapath_0461.v,result_0461,11,12,2,processor_datapath
rtl_dataset\rtl\complex_datapath_0462.v,result_0462,13,12,1,complex_datapath
rtl_dataset\rtl\counter_with_logic_0463.v,result_0463,13,12,2,counter_with_logic
rtl_dataset\rtl\processor_datapath_0464.v,result_0464,8,6,1,processor_datapath
rtl_dataset\rtl\pipeline_0465.v,result_0465,5,5,3,pipeline
rtl_dataset\rtl\complex_datapath_0466.v,result_0466,25,24,3,complex_datapath
rtl_dataset\rtl\simple_alu_0467.v,result_0467,9,7,3,simple_alu
rtl_dataset\rtl\simple_alu_0468.v,result_0468,11,9,3,simple_alu
rtl_dataset\rtl\pipeline_0469.v,result_0469,2,1,1,pipeline
rtl_dataset\rtl\simple_alu_0470.v,result_0470,9,9,4,simple_alu
rtl_dataset\rtl\processor_datapath_0471.v,result_0471,15,13,3,processor_datapath
rtl_dataset\rtl\pipeline_0472.v,result_0472,7,7,4,pipeline
rtl_dataset\rtl\complex_datapath_0473.v,result_0473,28,24,2,complex_datapath
rtl_dataset\rtl\simple_alu_0474.v,result_0474,7,6,2,simple_alu
rtl_dataset\rtl\counter_with_logic_0475.v,result_0475,28,25,4,counter_with_logic
rtl_dataset\rtl\processor_datapath_0476.v,result_0476,19,20,5,processor_datapath
rtl_dataset\rtl\complex_datapath_0477.v,result_0477,11,12,1,complex_datapath
rtl_dataset\rtl\complex_datapath_0478.v,result_0478,47,40,5,complex_datapath
rtl_dataset\rtl\pipeline_0479.v,result_0479,7,7,3,pipeline
rtl_dataset\rtl\counter_with_logic_0480.v,result_0480,31,35,4,counter_with_logic
rtl_dataset\rtl\pipeline_0481.v,result_0481,5,5,3,pipeline
rtl_dataset\rtl\processor_datapath_0482.v,result_0482,8,7,1,processor_datapath
rtl_dataset\rtl\simple_alu_0483.v,result_0483,20,18,5,simple_alu
rtl_dataset\rtl\processor_datapath_0484.v,result_0484,8,7,1,processor_datapath
rtl_dataset\rtl\complex_datapath_0485.v,result_0485,20,21,2,complex_datapath
rtl_dataset\rtl\simple_alu_0486.v,result_0486,19,20,5,simple_alu
rtl_dataset\rtl\pipeline_0487.v,result_0487,2,2,1,pipeline
rtl_dataset\rtl\simple_alu_0488.v,result_0488,19,22,5,simple_alu
rtl_dataset\rtl\complex_datapath_0489.v,result_0489,20,22,2,complex_datapath
rtl_dataset\rtl\pipeline_0490.v,result_0490,9,7,5,pipeline
rtl_dataset\rtl\pipeline_0491.v,result_0491,5,4,3,pipeline
rtl_dataset\rtl\simple_alu_0492.v,result_0492,18,19,4,simple_alu
rtl_dataset\rtl\processor_datapath_0493.v,result_0493,15,14,4,processor_datapath
rtl_dataset\rtl\simple_alu_0494.v,result_0494,10,10,3,simple_alu
rtl_dataset\rtl\complex_datapath_0495.v,result_0495,34,37,4,complex_datapath
rtl_dataset\rtl\pipeline_0496.v,result_0496,9,9,5,pipeline
rtl_dataset\rtl\processor_datapath_0497.v,result_0497,22,24,5,processor_datapath
rtl_dataset\rtl\counter_with_logic_0498.v,result_0498,2,2,1,counter_with_logic
rtl_dataset\rtl\pipeline_0499.v,result_0499,5,5,2,pipeline
rtl_dataset\rtl\counter_with_logic_0500.v,result_0500,14,14,3,counter_with_logic
rtl_dataset\rtl\counter_with_logic_0501.v,result_0501,39,41,5,counter_with_logic
rtl_dataset\rtl\complex_datapath_0502.v,result_0502,44,47,5,complex_datapath
rtl_dataset\rtl\simple_alu_0503.v,result_0503,12,10,3,simple_alu
rtl_dataset\rtl\complex_datapath_0504.v,result_0504,40,43,4,complex_datapath
rtl_dataset\rtl\simple_alu_0505.v,result_0505,14,14,3,simple_alu
rtl_dataset\rtl\simple_alu_0506.v,result_0506,11,11,3,simple_alu
rtl_dataset\rtl\complex_datapath_0507.v,result_0507,11,9,1,complex_datapath
rtl_dataset\rtl\counter_with_logic_0508.v,result_0508,36,29,5,counter_with_logic
rtl_dataset\rtl\complex_datapath_0509.v,result_0509,29,24,3,complex_datapath
rtl_dataset\rtl\pipeline_0510.v,result_0510,10,9,5,pipeline
rtl_dataset\rtl\simple_alu_0511.v,result_0511,3,2,1,simple_alu
rtl_dataset\rtl\counter_with_logic_0512.v,result_0512,3,3,1,counter_with_logic
rtl_dataset\rtl\complex_datapath_0513.v,result_0513,25,20,3,complex_datapath
rtl_dataset\rtl\counter_with_logic_0514.v,result_0514,4,3,1,counter_with_logic
rtl_dataset\rtl\simple_alu_0515.v,result_0515,12,12,4,simple_alu
rtl_dataset\rtl\simple_alu_0516.v,result_0516,3,3,1,simple_alu
rtl_dataset\rtl\counter_with_logic_0517.v,result_0517,37,38,5,counter_with_logic
rtl_dataset\rtl\simple_alu_0518.v,result_0518,14,15,4,simple_alu
rtl_dataset\rtl\pipeline_0519.v,result_0519,2,2,1,pipeline
rtl_dataset\rtl\simple_alu_0520.v,result_0520,9,8,3,simple_alu
rtl_dataset\rtl\counter_with_logic_0521.v,result_0521,41,48,5,counter_with_logic
rtl_dataset\rtl\simple_alu_0522.v,result_0522,4,4,1,simple_alu
rtl_dataset\rtl\simple_alu_0523.v,result_0523,10,9,3,simple_alu
rtl_dataset\rtl\simple_alu_0524.v,result_0524,18,17,5,simple_alu
rtl_dataset\rtl\counter_with_logic_0525.v,result_0525,26,30,4,counter_with_logic
rtl_dataset\rtl\pipeline_0526.v,result_0526,2,2,1,pipeline
rtl_dataset\rtl\processor_datapath_0527.v,result_0527,18,19,4,processor_datapath
rtl_dataset\rtl\pipeline_0528.v,result_0528,4,3,3,pipeline
rtl_dataset\rtl\simple_alu_0529.v,result_0529,8,9,2,simple_alu
rtl_dataset\rtl\counter_with_logic_0530.v,result_0530,12,13,2,counter_with_logic
rtl_dataset\rtl\processor_datapath_0531.v,result_0531,13,14,3,processor_datapath
rtl_dataset\rtl\counter_with_logic_0532.v,result_0532,11,10,3,counter_with_logic
rtl_dataset\rtl\counter_with_logic_0533.v,result_0533,38,34,5,counter_with_logic
rtl_dataset\rtl\pipeline_0534.v,result_0534,10,11,4,pipeline
rtl_dataset\rtl\pipeline_0535.v,result_0535,8,8,4,pipeline
rtl_dataset\rtl\complex_datapath_0536.v,result_0536,26,24,3,complex_datapath
rtl_dataset\rtl\processor_datapath_0537.v,result_0537,14,16,3,processor_datapath
rtl_dataset\rtl\processor_datapath_0538.v,result_0538,21,23,5,processor_datapath
rtl_dataset\rtl\pipeline_0539.v,result_0539,2,2,1,pipeline
rtl_dataset\rtl\simple_alu_0540.v,result_0540,16,17,4,simple_alu
rtl_dataset\rtl\pipeline_0541.v,result_0541,2,2,1,pipeline
rtl_dataset\rtl\complex_datapath_0542.v,result_0542,24,26,2,complex_datapath
rtl_dataset\rtl\complex_datapath_0543.v,result_0543,40,42,4,complex_datapath
rtl_dataset\rtl\complex_datapath_0544.v,result_0544,40,43,4,complex_datapath
rtl_dataset\rtl\processor_datapath_0545.v,result_0545,22,24,5,processor_datapath
rtl_dataset\rtl\processor_datapath_0546.v,result_0546,21,19,5,processor_datapath
rtl_dataset\rtl\counter_with_logic_0547.v,result_0547,31,31,5,counter_with_logic
rtl_dataset\rtl\complex_datapath_0548.v,result_0548,39,43,4,complex_datapath
rtl_dataset\rtl\simple_alu_0549.v,result_0549,15,16,4,simple_alu
rtl_dataset\rtl\simple_alu_0550.v,result_0550,11,9,2,simple_alu
rtl_dataset\rtl\pipeline_0551.v,result_0551,5,4,2,pipeline
rtl_dataset\rtl\complex_datapath_0552.v,result_0552,27,23,3,complex_datapath
rtl_dataset\rtl\pipeline_0553.v,result_0553,7,7,2,pipeline
rtl_dataset\rtl\complex_datapath_0554.v,result_0554,47,53,5,complex_datapath
rtl_dataset\rtl\pipeline_0555.v,result_0555,8,8,5,pipeline
rtl_dataset\rtl\simple_alu_0556.v,result_0556,18,15,5,simple_alu
rtl_dataset\rtl\processor_datapath_0557.v,result_0557,15,14,3,processor_datapath
rtl_dataset\rtl\pipeline_0558.v,result_0558,10,8,5,pipeline
rtl_dataset\rtl\processor_datapath_0559.v,result_0559,14,11,3,processor_datapath
rtl_dataset\rtl\complex_datapath_0560.v,result_0560,29,27,3,complex_datapath
rtl_dataset\rtl\pipeline_0561.v,result_0561,2,2,1,pipeline
rtl_dataset\rtl\complex_datapath_0562.v,result_0562,26,22,2,complex_datapath
rtl_dataset\rtl\pipeline_0563.v,result_0563,5,4,3,pipeline
rtl_dataset\rtl\processor_datapath_0564.v,result_0564,13,12,2,processor_datapath
rtl_dataset\rtl\counter_with_logic_0565.v,result_0565,37,40,5,counter_with_logic
rtl_dataset\rtl\complex_datapath_0566.v,result_0566,43,44,4,complex_datapath
rtl_dataset\rtl\counter_with_logic_0567.v,result_0567,3,2,1,counter_with_logic
rtl_dataset\rtl\complex_datapath_0568.v,result_0568,27,23,3,complex_datapath
rtl_dataset\rtl\pipeline_0569.v,result_0569,2,1,1,pipeline
rtl_dataset\rtl\complex_datapath_0570.v,result_0570,10,10,1,complex_datapath
rtl_dataset\rtl\counter_with_logic_0571.v,result_0571,15,12,3,counter_with_logic
rtl_dataset\rtl\simple_alu_0572.v,result_0572,6,6,1,simple_alu
rtl_dataset\rtl\processor_datapath_0573.v,result_0573,8,8,1,processor_datapath
rtl_dataset\rtl\counter_with_logic_0574.v,result_0574,28,27,4,counter_with_logic
rtl_dataset\rtl\counter_with_logic_0575.v,result_0575,11,10,3,counter_with_logic
rtl_dataset\rtl\counter_with_logic_0576.v,result_0576,3,3,1,counter_with_logic
rtl_dataset\rtl\complex_datapath_0577.v,result_0577,25,24,3,complex_datapath
rtl_dataset\rtl\counter_with_logic_0578.v,result_0578,12,12,4,counter_with_logic
rtl_dataset\rtl\pipeline_0579.v,result_0579,6,6,5,pipeline
rtl_dataset\rtl\counter_with_logic_0580.v,result_0580,14,11,3,counter_with_logic
rtl_dataset\rtl\complex_datapath_0581.v,result_0581,9,10,1,complex_datapath
rtl_dataset\rtl\counter_with_logic_0582.v,result_0582,39,40,5,counter_with_logic
rtl_dataset\rtl\complex_datapath_0583.v,result_0583,43,35,5,complex_datapath
rtl_dataset\rtl\pipeline_0584.v,result_0584,7,5,2,pipeline
rtl_dataset\rtl\counter_with_logic_0585.v,result_0585,14,13,3,counter_with_logic
rtl_dataset\rtl\pipeline_0586.v,result_0586,10,10,5,pipeline
rtl_dataset\rtl\simple_alu_0587.v,result_0587,3,2,1,simple_alu
rtl_dataset\rtl\processor_datapath_0588.v,result_0588,11,12,2,processor_datapath
rtl_dataset\rtl\pipeline_0589.v,result_0589,2,1,1,pipeline
rtl_dataset\rtl\counter_with_logic_0590.v,result_0590,3,2,1,counter_with_logic
rtl_dataset\rtl\pipeline_0591.v,result_0591,9,10,4,pipeline
rtl_dataset\rtl\counter_with_logic_0592.v,result_0592,18,17,3,counter_with_logic
rtl_dataset\rtl\counter_with_logic_0593.v,result_0593,10,9,3,counter_with_logic
rtl_dataset\rtl\counter_with_logic_0594.v,result_0594,20,22,5,counter_with_logic
rtl_dataset\rtl\processor_datapath_0595.v,result_0595,12,11,2,processor_datapath
rtl_dataset\rtl\simple_alu_0596.v,result_0596,9,9,2,simple_alu
rtl_dataset\rtl\counter_with_logic_0597.v,result_0597,16,13,3,counter_with_logic
rtl_dataset\rtl\counter_with_logic_0598.v,result_0598,18,17,3,counter_with_logic
rtl_dataset\rtl\complex_datapath_0599.v,result_0599,34,37,4,complex_datapath
rtl_dataset\rtl\simple_alu_0600.v,result_0600,7,8,2,simple_alu
rtl_dataset\rtl\complex_datapath_0601.v,result_0601,46,53,5,complex_datapath
rtl_dataset\rtl\processor_datapath_0602.v,result_0602,11,12,2,processor_datapath
rtl_dataset\rtl\counter_with_logic_0603.v,result_0603,4,3,1,counter_with_logic
rtl_dataset\rtl\processor_datapath_0604.v,result_0604,18,18,4,processor_datapath
rtl_dataset\rtl\processor_datapath_0605.v,result_0605,8,6,1,processor_datapath
rtl_dataset\rtl\simple_alu_0606.v,result_0606,13,14,4,simple_alu
rtl_dataset\rtl\simple_alu_0607.v,result_0607,10,10,3,simple_alu
rtl_dataset\rtl\counter_with_logic_0608.v,result_0608,30,26,4,counter_with_logic
rtl_dataset\rtl\pipeline_0609.v,result_0609,7,6,4,pipeline
rtl_dataset\rtl\processor_datapath_0610.v,result_0610,16,18,4,processor_datapath
rtl_dataset\rtl\processor_datapath_0611.v,result_0611,18,14,5,processor_datapath
rtl_dataset\rtl\processor_datapath_0612.v,result_0612,20,23,5,processor_datapath
rtl_dataset\rtl\counter_with_logic_0613.v,result_0613,33,35,5,counter_with_logic
rtl_dataset\rtl\pipeline_0614.v,result_0614,5,5,2,pipeline
rtl_dataset\rtl\counter_with_logic_0615.v,result_0615,12,13,4,counter_with_logic
rtl_dataset\rtl\pipeline_0616.v,result_0616,2,1,1,pipeline
rtl_dataset\rtl\counter_with_logic_0617.v,result_0617,25,29,4,counter_with_logic
rtl_dataset\rtl\simple_alu_0618.v,result_0618,6,5,2,simple_alu
rtl_dataset\rtl\processor_datapath_0619.v,result_0619,13,14,2,processor_datapath
rtl_dataset\rtl\simple_alu_0620.v,result_0620,20,19,5,simple_alu
rtl_dataset\rtl\processor_datapath_0621.v,result_0621,8,8,1,processor_datapath
rtl_dataset\rtl\processor_datapath_0622.v,result_0622,16,14,4,processor_datapath
rtl_dataset\rtl\counter_with_logic_0623.v,result_0623,3,3,1,counter_with_logic
rtl_dataset\rtl\pipeline_0624.v,result_0624,9,9,4,pipeline
rtl_dataset\rtl\processor_datapath_0625.v,result_0625,8,9,1,processor_datapath
rtl_dataset\rtl\complex_datapath_0626.v,result_0626,42,49,5,complex_datapath
rtl_dataset\rtl\counter_with_logic_0627.v,result_0627,9,9,2,counter_with_logic
rtl_dataset\rtl\processor_datapath_0628.v,result_0628,11,9,2,processor_datapath
rtl_dataset\rtl\counter_with_logic_0629.v,result_0629,31,30,4,counter_with_logic
rtl_dataset\rtl\simple_alu_0630.v,result_0630,6,5,2,simple_alu
rtl_dataset\rtl\complex_datapath_0631.v,result_0631,23,24,2,complex_datapath
rtl_dataset\rtl\simple_alu_0632.v,result_0632,7,5,2,simple_alu
rtl_dataset\rtl\complex_datapath_0633.v,result_0633,34,37,4,complex_datapath
rtl_dataset\rtl\counter_with_logic_0634.v,result_0634,19,22,4,counter_with_logic
rtl_dataset\rtl\simple_alu_0635.v,result_0635,14,13,3,simple_alu
rtl_dataset\rtl\complex_datapath_0636.v,result_0636,11,10,1,complex_datapath
rtl_dataset\rtl\pipeline_0637.v,result_0637,4,3,2,pipeline
rtl_dataset\rtl\counter_with_logic_0638.v,result_0638,2,1,1,counter_with_logic
rtl_dataset\rtl\complex_datapath_0639.v,result_0639,41,41,4,complex_datapath
rtl_dataset\rtl\pipeline_0640.v,result_0640,5,5,3,pipeline
rtl_dataset\rtl\complex_datapath_0641.v,result_0641,29,24,3,complex_datapath
rtl_dataset\rtl\simple_alu_0642.v,result_0642,9,8,2,simple_alu
rtl_dataset\rtl\processor_datapath_0643.v,result_0643,8,8,1,processor_datapath
rtl_dataset\rtl\counter_with_logic_0644.v,result_0644,11,12,2,counter_with_logic
rtl_dataset\rtl\simple_alu_0645.v,result_0645,11,9,3,simple_alu
rtl_dataset\rtl\simple_alu_0646.v,result_0646,15,13,4,simple_alu
rtl_dataset\rtl\counter_with_logic_0647.v,result_0647,12,13,2,counter_with_logic
rtl_dataset\rtl\counter_with_logic_0648.v,result_0648,35,37,4,counter_with_logic
rtl_dataset\rtl\complex_datapath_0649.v,result_0649,21,21,2,complex_datapath
rtl_dataset\rtl\processor_datapath_0650.v,result_0650,8,7,1,processor_datapath
rtl_dataset\rtl\counter_with_logic_0651.v,result_0651,17,13,2,counter_with_logic
rtl_dataset\rtl\simple_alu_0652.v,result_0652,6,6,1,simple_alu
rtl_dataset\rtl\counter_with_logic_0653.v,result_0653,27,30,4,counter_with_logic
rtl_dataset\rtl\processor_datapath_0654.v,result_0654,11,10,2,processor_datapath
rtl_dataset\rtl\simple_alu_0655.v,result_0655,16,14,5,simple_alu
rtl_dataset\rtl\processor_datapath_0656.v,result_0656,14,16,3,processor_datapath
rtl_dataset\rtl\counter_with_logic_0657.v,result_0657,10,9,3,counter_with_logic
rtl_dataset\rtl\counter_with_logic_0658.v,result_0658,36,40,5,counter_with_logic
rtl_dataset\rtl\simple_alu_0659.v,result_0659,13,12,4,simple_alu
rtl_dataset\rtl\complex_datapath_0660.v,result_0660,28,33,3,complex_datapath
rtl_dataset\rtl\pipeline_0661.v,result_0661,8,8,5,pipeline
rtl_dataset\rtl\counter_with_logic_0662.v,result_0662,3,2,1,counter_with_logic
rtl_dataset\rtl\processor_datapath_0663.v,result_0663,15,16,3,processor_datapath
rtl_dataset\rtl\simple_alu_0664.v,result_0664,13,12,4,simple_alu
rtl_dataset\rtl\pipeline_0665.v,result_0665,8,6,4,pipeline
rtl_dataset\rtl\pipeline_0666.v,result_0666,7,7,3,pipeline
rtl_dataset\rtl\simple_alu_0667.v,result_0667,13,15,4,simple_alu
rtl_dataset\rtl\simple_alu_0668.v,result_0668,14,11,4,simple_alu
rtl_dataset\rtl\simple_alu_0669.v,result_0669,15,16,4,simple_alu
rtl_dataset\rtl\counter_with_logic_0670.v,result_0670,29,27,5,counter_with_logic
rtl_dataset\rtl\counter_with_logic_0671.v,result_0671,31,32,4,counter_with_logic
rtl_dataset\rtl\counter_with_logic_0672.v,result_0672,2,1,1,counter_with_logic
rtl_dataset\rtl\complex_datapath_0673.v,result_0673,22,24,2,complex_datapath
rtl_dataset\rtl\pipeline_0674.v,result_0674,2,1,1,pipeline
rtl_dataset\rtl\simple_alu_0675.v,result_0675,6,5,2,simple_alu
rtl_dataset\rtl\counter_with_logic_0676.v,result_0676,37,38,5,counter_with_logic
rtl_dataset\rtl\processor_datapath_0677.v,result_0677,19,20,5,processor_datapath
rtl_dataset\rtl\complex_datapath_0678.v,result_0678,11,11,1,complex_datapath
rtl_dataset\rtl\complex_datapath_0679.v,result_0679,11,9,1,complex_datapath
rtl_dataset\rtl\simple_alu_0680.v,result_0680,14,14,4,simple_alu
rtl_dataset\rtl\simple_alu_0681.v,result_0681,17,17,5,simple_alu
rtl_dataset\rtl\simple_alu_0682.v,result_0682,7,6,2,simple_alu
rtl_dataset\rtl\pipeline_0683.v,result_0683,5,5,2,pipeline
rtl_dataset\rtl\complex_datapath_0684.v,result_0684,45,40,5,complex_datapath
rtl_dataset\rtl\pipeline_0685.v,result_0685,9,7,5,pipeline
rtl_dataset\rtl\processor_datapath_0686.v,result_0686,18,16,4,processor_datapath
rtl_dataset\rtl\simple_alu_0687.v,result_0687,9,9,2,simple_alu
rtl_dataset\rtl\complex_datapath_0688.v,result_0688,11,11,1,complex_datapath
rtl_dataset\rtl\processor_datapath_0689.v,result_0689,8,7,1,processor_datapath
rtl_dataset\rtl\pipeline_0690.v,result_0690,12,11,4,pipeline
rtl_dataset\rtl\processor_datapath_0691.v,result_0691,17,18,4,processor_datapath
rtl_dataset\rtl\simple_alu_0692.v,result_0692,14,11,4,simple_alu
rtl_dataset\rtl\pipeline_0693.v,result_0693,6,5,3,pipeline
rtl_dataset\rtl\simple_alu_0694.v,result_0694,18,21,5,simple_alu
rtl_dataset\rtl\counter_with_logic_0695.v,result_0695,32,30,4,counter_with_logic
rtl_dataset\rtl\complex_datapath_0696.v,result_0696,44,49,5,complex_datapath
rtl_dataset\rtl\processor_datapath_0697.v,result_0697,8,8,1,processor_datapath
rtl_dataset\rtl\counter_with_logic_0698.v,result_0698,14,16,3,counter_with_logic
rtl_dataset\rtl\processor_datapath_0699.v,result_0699,18,19,4,processor_datapath
rtl_dataset\rtl\pipeline_0700.v,result_0700,6,6,2,pipeline
rtl_dataset\rtl\pipeline_0701.v,result_0701,5,4,2,pipeline
rtl_dataset\rtl\counter_with_logic_0702.v,result_0702,10,8,2,counter_with_logic
rtl_dataset\rtl\processor_datapath_0703.v,result_0703,8,6,1,processor_datapath
rtl_dataset\rtl\processor_datapath_0704.v,result_0704,12,11,2,processor_datapath
rtl_dataset\rtl\complex_datapath_0705.v,result_0705,23,19,2,complex_datapath
rtl_dataset\rtl\simple_alu_0706.v,result_0706,17,16,5,simple_alu
rtl_dataset\rtl\complex_datapath_0707.v,result_0707,43,41,5,complex_datapath
rtl_dataset\rtl\simple_alu_0708.v,result_0708,11,11,3,simple_alu
rtl_dataset\rtl\processor_datapath_0709.v,result_0709,12,11,3,processor_datapath
rtl_dataset\rtl\complex_datapath_0710.v,result_0710,47,53,5,complex_datapath
rtl_dataset\rtl\complex_datapath_0711.v,result_0711,21,19,2,complex_datapath
rtl_dataset\rtl\pipeline_0712.v,result_0712,9,7,5,pipeline
rtl_dataset\rtl\pipeline_0713.v,result_0713,7,7,2,pipeline
rtl_dataset\rtl\pipeline_0714.v,result_0714,10,11,5,pipeline
rtl_dataset\rtl\simple_alu_0715.v,result_0715,8,9,2,simple_alu
rtl_dataset\rtl\processor_datapath_0716.v,result_0716,13,15,2,processor_datapath
rtl_dataset\rtl\counter_with_logic_0717.v,result_0717,10,8,3,counter_with_logic
rtl_dataset\rtl\pipeline_0718.v,result_0718,2,1,1,pipeline
rtl_dataset\rtl\complex_datapath_0719.v,result_0719,25,27,3,complex_datapath
rtl_dataset\rtl\pipeline_0720.v,result_0720,9,10,5,pipeline
rtl_dataset\rtl\simple_alu_0721.v,result_0721,8,7,2,simple_alu
rtl_dataset\rtl\counter_with_logic_0722.v,result_0722,24,26,4,counter_with_logic
rtl_dataset\rtl\pipeline_0723.v,result_0723,5,4,2,pipeline
rtl_dataset\rtl\pipeline_0724.v,result_0724,9,9,4,pipeline
rtl_dataset\rtl\simple_alu_0725.v,result_0725,19,22,5,simple_alu
rtl_dataset\rtl\complex_datapath_0726.v,result_0726,34,36,4,complex_datapath
rtl_dataset\rtl\processor_datapath_0727.v,result_0727,19,16,5,processor_datapath
rtl_dataset\rtl\simple_alu_0728.v,result_0728,8,8,3,simple_alu
rtl_dataset\rtl\processor_datapath_0729.v,result_0729,13,14,2,processor_datapath
rtl_dataset\rtl\counter_with_logic_0730.v,result_0730,9,7,2,counter_with_logic
rtl_dataset\rtl\complex_datapath_0731.v,result_0731,42,44,4,complex_datapath
rtl_dataset\rtl\complex_datapath_0732.v,result_0732,45,37,5,complex_datapath
rtl_dataset\rtl\counter_with_logic_0733.v,result_0733,30,29,4,counter_with_logic
rtl_dataset\rtl\simple_alu_0734.v,result_0734,13,15,3,simple_alu
rtl_dataset\rtl\simple_alu_0735.v,result_0735,7,7,2,simple_alu
rtl_dataset\rtl\pipeline_0736.v,result_0736,5,5,3,pipeline
rtl_dataset\rtl\processor_datapath_0737.v,result_0737,21,22,5,processor_datapath
rtl_dataset\rtl\complex_datapath_0738.v,result_0738,42,40,5,complex_datapath
rtl_dataset\rtl\complex_datapath_0739.v,result_0739,35,31,4,complex_datapath
rtl_dataset\rtl\complex_datapath_0740.v,result_0740,25,24,3,complex_datapath
rtl_dataset\rtl\simple_alu_0741.v,result_0741,12,13,3,simple_alu
rtl_dataset\rtl\pipeline_0742.v,result_0742,7,7,2,pipeline
rtl_dataset\rtl\processor_datapath_0743.v,result_0743,20,20,5,processor_datapath
rtl_dataset\rtl\counter_with_logic_0744.v,result_0744,15,17,2,counter_with_logic
rtl_dataset\rtl\complex_datapath_0745.v,result_0745,24,27,2,complex_datapath
rtl_dataset\rtl\counter_with_logic_0746.v,result_0746,12,12,2,counter_with_logic
rtl_dataset\rtl\processor_datapath_0747.v,result_0747,22,25,5,processor_datapath
rtl_dataset\rtl\processor_datapath_0748.v,result_0748,11,11,2,processor_datapath
rtl_dataset\rtl\pipeline_0749.v,result_0749,9,8,5,pipeline
rtl_dataset\rtl\complex_datapath_0750.v,result_0750,23,23,2,complex_datapath
rtl_dataset\rtl\complex_datapath_0751.v,result_0751,41,41,5,complex_datapath
rtl_dataset\rtl\counter_with_logic_0752.v,result_0752,39,46,5,counter_with_logic
rtl_dataset\rtl\simple_alu_0753.v,result_0753,8,6,2,simple_alu
rtl_dataset\rtl\processor_datapath_0754.v,result_0754,21,20,5,processor_datapath
rtl_dataset\rtl\counter_with_logic_0755.v,result_0755,31,31,4,counter_with_logic
rtl_dataset\rtl\complex_datapath_0756.v,result_0756,37,32,4,complex_datapath
rtl_dataset\rtl\complex_datapath_0757.v,result_0757,21,22,2,complex_datapath
rtl_dataset\rtl\processor_datapath_0758.v,result_0758,8,8,1,processor_datapath
rtl_dataset\rtl\pipeline_0759.v,result_0759,5,5,3,pipeline
rtl_dataset\rtl\pipeline_0760.v,result_0760,2,1,1,pipeline
rtl_dataset\rtl\complex_datapath_0761.v,result_0761,8,6,1,complex_datapath
rtl_dataset\rtl\simple_alu_0762.v,result_0762,8,7,3,simple_alu
rtl_dataset\rtl\simple_alu_0763.v,result_0763,16,15,5,simple_alu
rtl_dataset\rtl\pipeline_0764.v,result_0764,8,6,4,pipeline
rtl_dataset\rtl\pipeline_0765.v,result_0765,2,2,1,pipeline
rtl_dataset\rtl\processor_datapath_0766.v,result_0766,11,9,2,processor_datapath
rtl_dataset\rtl\simple_alu_0767.v,result_0767,14,12,4,simple_alu
rtl_dataset\rtl\pipeline_0768.v,result_0768,7,7,3,pipeline
rtl_dataset\rtl\processor_datapath_0769.v,result_0769,23,19,4,processor_datapath
rtl_dataset\rtl\pipeline_0770.v,result_0770,7,6,5,pipeline
rtl_dataset\rtl\pipeline_0771.v,result_0771,6,7,3,pipeline
rtl_dataset\rtl\simple_alu_0772.v,result_0772,4,3,1,simple_alu
rtl_dataset\rtl\simple_alu_0773.v,result_0773,12,9,4,simple_alu
rtl_dataset\rtl\complex_datapath_0774.v,result_0774,26,25,3,complex_datapath
rtl_dataset\rtl\pipeline_0775.v,result_0775,2,2,1,pipeline
rtl_dataset\rtl\simple_alu_0776.v,result_0776,17,14,5,simple_alu
rtl_dataset\rtl\simple_alu_0777.v,result_0777,15,14,4,simple_alu
rtl_dataset\rtl\simple_alu_0778.v,result_0778,4,4,1,simple_alu
rtl_dataset\rtl\processor_datapath_0779.v,result_0779,12,10,3,processor_datapath
rtl_dataset\rtl\simple_alu_0780.v,result_0780,8,6,2,simple_alu
rtl_dataset\rtl\complex_datapath_0781.v,result_0781,44,42,5,complex_datapath
rtl_dataset\rtl\processor_datapath_0782.v,result_0782,18,15,3,processor_datapath
rtl_dataset\rtl\simple_alu_0783.v,result_0783,10,10,3,simple_alu
rtl_dataset\rtl\simple_alu_0784.v,result_0784,4,3,1,simple_alu
rtl_dataset\rtl\processor_datapath_0785.v,result_0785,17,18,4,processor_datapath
rtl_dataset\rtl\counter_with_logic_0786.v,result_0786,30,28,5,counter_with_logic
rtl_dataset\rtl\pipeline_0787.v,result_0787,4,4,2,pipeline
rtl_dataset\rtl\counter_with_logic_0788.v,result_0788,4,4,1,counter_with_logic
rtl_dataset\rtl\pipeline_0789.v,result_0789,6,6,2,pipeline
rtl_dataset\rtl\pipeline_0790.v,result_0790,10,11,4,pipeline
rtl_dataset\rtl\processor_datapath_0791.v,result_0791,8,9,1,processor_datapath
rtl_dataset\rtl\complex_datapath_0792.v,result_0792,11,12,1,complex_datapath
rtl_dataset\rtl\counter_with_logic_0793.v,result_0793,35,28,5,counter_with_logic
rtl_dataset\rtl\pipeline_0794.v,result_0794,5,5,2,pipeline
rtl_dataset\rtl\pipeline_0795.v,result_0795,5,4,3,pipeline
rtl_dataset\rtl\complex_datapath_0796.v,result_0796,9,9,1,complex_datapath
rtl_dataset\rtl\complex_datapath_0797.v,result_0797,22,18,2,complex_datapath
rtl_dataset\rtl\processor_datapath_0798.v,result_0798,8,7,1,processor_datapath
rtl_dataset\rtl\complex_datapath_0799.v,result_0799,38,42,4,complex_datapath
rtl_dataset\rtl\simple_alu_0800.v,result_0800,15,15,4,simple_alu
rtl_dataset\rtl\complex_datapath_0801.v,result_0801,41,43,4,complex_datapath
rtl_dataset\rtl\complex_datapath_0802.v,result_0802,22,24,2,complex_datapath
rtl_dataset\rtl\simple_alu_0803.v,result_0803,6,6,1,simple_alu
rtl_dataset\rtl\pipeline_0804.v,result_0804,8,7,5,pipeline
rtl_dataset\rtl\complex_datapath_0805.v,result_0805,44,42,5,complex_datapath
rtl_dataset\rtl\simple_alu_0806.v,result_0806,9,7,3,simple_alu
rtl_dataset\rtl\processor_datapath_0807.v,result_0807,19,18,5,processor_datapath
rtl_dataset\rtl\counter_with_logic_0808.v,result_0808,39,46,5,counter_with_logic
rtl_dataset\rtl\complex_datapath_0809.v,result_0809,29,34,3,complex_datapath
rtl_dataset\rtl\complex_datapath_0810.v,result_0810,33,32,4,complex_datapath
rtl_dataset\rtl\processor_datapath_0811.v,result_0811,13,15,2,processor_datapath
rtl_dataset\rtl\counter_with_logic_0812.v,result_0812,13,13,2,counter_with_logic
rtl_dataset\rtl\processor_datapath_0813.v,result_0813,13,15,2,processor_datapath
rtl_dataset\rtl\pipeline_0814.v,result_0814,10,9,5,pipeline
rtl_dataset\rtl\simple_alu_0815.v,result_0815,18,18,5,simple_alu
rtl_dataset\rtl\pipeline_0816.v,result_0816,7,7,3,pipeline
rtl_dataset\rtl\counter_with_logic_0817.v,result_0817,14,14,3,counter_with_logic
rtl_dataset\rtl\simple_alu_0818.v,result_0818,21,23,5,simple_alu
rtl_dataset\rtl\simple_alu_0819.v,result_0819,20,17,5,simple_alu
rtl_dataset\rtl\pipeline_0820.v,result_0820,5,4,3,pipeline
rtl_dataset\rtl\complex_datapath_0821.v,result_0821,19,15,2,complex_datapath
rtl_dataset\rtl\simple_alu_0822.v,result_0822,4,4,1,simple_alu
rtl_dataset\rtl\simple_alu_0823.v,result_0823,8,9,2,simple_alu
rtl_dataset\rtl\complex_datapath_0824.v,result_0824,42,42,5,complex_datapath
rtl_dataset\rtl\complex_datapath_0825.v,result_0825,21,23,2,complex_datapath
rtl_dataset\rtl\counter_with_logic_0826.v,result_0826,3,2,1,counter_with_logic
rtl_dataset\rtl\simple_alu_0827.v,result_0827,15,17,4,simple_alu
rtl_dataset\rtl\complex_datapath_0828.v,result_0828,39,45,5,complex_datapath
rtl_dataset\rtl\processor_datapath_0829.v,result_0829,21,22,5,processor_datapath
rtl_dataset\rtl\counter_with_logic_0830.v,result_0830,9,10,2,counter_with_logic
rtl_dataset\rtl\processor_datapath_0831.v,result_0831,13,10,2,processor_datapath
rtl_dataset\rtl\pipeline_0832.v,result_0832,5,5,2,pipeline
rtl_dataset\rtl\processor_datapath_0833.v,result_0833,8,8,1,processor_datapath
rtl_dataset\rtl\processor_datapath_0834.v,result_0834,20,22,5,processor_datapath
rtl_dataset\rtl\complex_datapath_0835.v,result_0835,46,44,5,complex_datapath
rtl_dataset\rtl\counter_with_logic_0836.v,result_0836,4,3,1,counter_with_logic
rtl_dataset\rtl\pipeline_0837.v,result_0837,2,1,1,pipeline
rtl_dataset\rtl\counter_with_logic_0838.v,result_0838,7,7,3,counter_with_logic
rtl_dataset\rtl\complex_datapath_0839.v,result_0839,21,16,2,complex_datapath
rtl_dataset\rtl\pipeline_0840.v,result_0840,4,4,2,pipeline
rtl_dataset\rtl\pipeline_0841.v,result_0841,2,2,1,pipeline
rtl_dataset\rtl\counter_with_logic_0842.v,result_0842,15,15,3,counter_with_logic
rtl_dataset\rtl\simple_alu_0843.v,result_0843,10,8,3,simple_alu
rtl_dataset\rtl\counter_with_logic_0844.v,result_0844,23,24,3,counter_with_logic
rtl_dataset\rtl\counter_with_logic_0845.v,result_0845,31,27,4,counter_with_logic
rtl_dataset\rtl\complex_datapath_0846.v,result_0846,20,21,2,complex_datapath
rtl_dataset\rtl\simple_alu_0847.v,result_0847,9,10,2,simple_alu
rtl_dataset\rtl\counter_with_logic_0848.v,result_0848,3,2,1,counter_with_logic
rtl_dataset\rtl\complex_datapath_0849.v,result_0849,41,40,4,complex_datapath
rtl_dataset\rtl\processor_datapath_0850.v,result_0850,7,6,1,processor_datapath
rtl_dataset\rtl\counter_with_logic_0851.v,result_0851,22,21,4,counter_with_logic
rtl_dataset\rtl\counter_with_logic_0852.v,result_0852,13,10,2,counter_with_logic
rtl_dataset\rtl\pipeline_0853.v,result_0853,6,7,3,pipeline
rtl_dataset\rtl\processor_datapath_0854.v,result_0854,14,11,3,processor_datapath
rtl_dataset\rtl\complex_datapath_0855.v,result_0855,20,19,2,complex_datapath
rtl_dataset\rtl\counter_with_logic_0856.v,result_0856,30,27,4,counter_with_logic
rtl_dataset\rtl\simple_alu_0857.v,result_0857,14,11,4,simple_alu
rtl_dataset\rtl\counter_with_logic_0858.v,result_0858,9,8,2,counter_with_logic
rtl_dataset\rtl\simple_alu_0859.v,result_0859,12,12,3,simple_alu
rtl_dataset\rtl\counter_with_logic_0860.v,result_0860,11,10,2,counter_with_logic
rtl_dataset\rtl\complex_datapath_0861.v,result_0861,38,36,4,complex_datapath
rtl_dataset\rtl\simple_alu_0862.v,result_0862,12,10,3,simple_alu
rtl_dataset\rtl\complex_datapath_0863.v,result_0863,24,23,3,complex_datapath
rtl_dataset\rtl\complex_datapath_0864.v,result_0864,38,31,4,complex_datapath
rtl_dataset\rtl\simple_alu_0865.v,result_0865,14,12,4,simple_alu
rtl_dataset\rtl\simple_alu_0866.v,result_0866,16,17,5,simple_alu
rtl_dataset\rtl\counter_with_logic_0867.v,result_0867,3,3,1,counter_with_logic
rtl_dataset\rtl\simple_alu_0868.v,result_0868,9,7,2,simple_alu
rtl_dataset\rtl\simple_alu_0869.v,result_0869,9,9,2,simple_alu
rtl_dataset\rtl\counter_with_logic_0870.v,result_0870,12,10,2,counter_with_logic
rtl_dataset\rtl\complex_datapath_0871.v,result_0871,41,42,5,complex_datapath
rtl_dataset\rtl\pipeline_0872.v,result_0872,9,10,4,pipeline
rtl_dataset\rtl\simple_alu_0873.v,result_0873,8,8,2,simple_alu
rtl_dataset\rtl\complex_datapath_0874.v,result_0874,41,34,5,complex_datapath
rtl_dataset\rtl\processor_datapath_0875.v,result_0875,12,13,3,processor_datapath
rtl_dataset\rtl\processor_datapath_0876.v,result_0876,12,13,3,processor_datapath
rtl_dataset\rtl\processor_datapath_0877.v,result_0877,20,21,5,processor_datapath
rtl_dataset\rtl\counter_with_logic_0878.v,result_0878,11,9,2,counter_with_logic
rtl_dataset\rtl\processor_datapath_0879.v,result_0879,13,13,2,processor_datapath
rtl_dataset\rtl\counter_with_logic_0880.v,result_0880,34,34,5,counter_with_logic
rtl_dataset\rtl\counter_with_logic_0881.v,result_0881,30,25,5,counter_with_logic
rtl_dataset\rtl\counter_with_logic_0882.v,result_0882,9,7,2,counter_with_logic
rtl_dataset\rtl\pipeline_0883.v,result_0883,9,9,4,pipeline
rtl_dataset\rtl\pipeline_0884.v,result_0884,2,1,1,pipeline
rtl_dataset\rtl\counter_with_logic_0885.v,result_0885,20,23,3,counter_with_logic
rtl_dataset\rtl\complex_datapath_0886.v,result_0886,12,12,1,complex_datapath
rtl_dataset\rtl\simple_alu_0887.v,result_0887,6,5,1,simple_alu
rtl_dataset\rtl\pipeline_0888.v,result_0888,7,6,2,pipeline
rtl_dataset\rtl\pipeline_0889.v,result_0889,8,9,5,pipeline
rtl_dataset\rtl\processor_datapath_0890.v,result_0890,19,19,5,processor_datapath
rtl_dataset\rtl\complex_datapath_0891.v,result_0891,44,37,5,complex_datapath
rtl_dataset\rtl\simple_alu_0892.v,result_0892,11,12,3,simple_alu
rtl_dataset\rtl\pipeline_0893.v,result_0893,5,5,3,pipeline
rtl_dataset\rtl\processor_datapath_0894.v,result_0894,16,18,4,processor_datapath
rtl_dataset\rtl\pipeline_0895.v,result_0895,2,2,1,pipeline
rtl_dataset\rtl\counter_with_logic_0896.v,result_0896,3,2,1,counter_with_logic
rtl_dataset\rtl\pipeline_0897.v,result_0897,4,4,2,pipeline
rtl_dataset\rtl\counter_with_logic_0898.v,result_0898,27,26,4,counter_with_logic
rtl_dataset\rtl\counter_with_logic_0899.v,result_0899,36,32,4,counter_with_logic
rtl_dataset\rtl\processor_datapath_0900.v,result_0900,13,13,2,processor_datapath
rtl_dataset\rtl\counter_with_logic_0901.v,result_0901,31,25,4,counter_with_logic
rtl_dataset\rtl\complex_datapath_0902.v,result_0902,39,33,5,complex_datapath
rtl_dataset\rtl\complex_datapath_0903.v,result_0903,41,40,4,complex_datapath
rtl_dataset\rtl\pipeline_0904.v,result_0904,2,2,1,pipeline
rtl_dataset\rtl\pipeline_0905.v,result_0905,6,5,3,pipeline
rtl_dataset\rtl\counter_with_logic_0906.v,result_0906,25,23,4,counter_with_logic
rtl_dataset\rtl\pipeline_0907.v,result_0907,8,9,4,pipeline
rtl_dataset\rtl\simple_alu_0908.v,result_0908,6,5,1,simple_alu
rtl_dataset\rtl\complex_datapath_0909.v,result_0909,46,51,5,complex_datapath
rtl_dataset\rtl\complex_datapath_0910.v,result_0910,22,20,2,complex_datapath
rtl_dataset\rtl\complex_datapath_0911.v,result_0911,26,30,3,complex_datapath
rtl_dataset\rtl\processor_datapath_0912.v,result_0912,20,19,5,processor_datapath
rtl_dataset\rtl\pipeline_0913.v,result_0913,5,5,2,pipeline
rtl_dataset\rtl\processor_datapath_0914.v,result_0914,16,18,3,processor_datapath
rtl_dataset\rtl\processor_datapath_0915.v,result_0915,12,12,3,processor_datapath
rtl_dataset\rtl\complex_datapath_0916.v,result_0916,9,9,1,complex_datapath
rtl_dataset\rtl\simple_alu_0917.v,result_0917,10,8,3,simple_alu
rtl_dataset\rtl\counter_with_logic_0918.v,result_0918,4,4,1,counter_with_logic
rtl_dataset\rtl\simple_alu_0919.v,result_0919,4,4,1,simple_alu
rtl_dataset\rtl\processor_datapath_0920.v,result_0920,11,9,2,processor_datapath
rtl_dataset\rtl\pipeline_0921.v,result_0921,8,7,5,pipeline
rtl_dataset\rtl\counter_with_logic_0922.v,result_0922,13,11,2,counter_with_logic
rtl_dataset\rtl\pipeline_0923.v,result_0923,7,8,4,pipeline
rtl_dataset\rtl\complex_datapath_0924.v,result_0924,19,16,2,complex_datapath
rtl_dataset\rtl\counter_with_logic_0925.v,result_0925,26,29,4,counter_with_logic
rtl_dataset\rtl\counter_with_logic_0926.v,result_0926,9,7,2,counter_with_logic
rtl_dataset\rtl\simple_alu_0927.v,result_0927,18,14,5,simple_alu
rtl_dataset\rtl\processor_datapath_0928.v,result_0928,7,5,1,processor_datapath
rtl_dataset\rtl\counter_with_logic_0929.v,result_0929,4,4,1,counter_with_logic
rtl_dataset\rtl\counter_with_logic_0930.v,result_0930,3,2,1,counter_with_logic
rtl_dataset\rtl\processor_datapath_0931.v,result_0931,11,12,2,processor_datapath
rtl_dataset\rtl\simple_alu_0932.v,result_0932,12,10,4,simple_alu
rtl_dataset\rtl\complex_datapath_0933.v,result_0933,25,28,3,complex_datapath
rtl_dataset\rtl\pipeline_0934.v,result_0934,2,1,1,pipeline
rtl_dataset\rtl\pipeline_0935.v,result_0935,5,5,2,pipeline
rtl_dataset\rtl\processor_datapath_0936.v,result_0936,16,16,3,processor_datapath
rtl_dataset\rtl\simple_alu_0937.v,result_0937,13,14,3,simple_alu
rtl_dataset\rtl\simple_alu_0938.v,result_0938,3,2,1,simple_alu
rtl_dataset\rtl\pipeline_0939.v,result_0939,10,9,4,pipeline
rtl_dataset\rtl\processor_datapath_0940.v,result_0940,8,8,1,processor_datapath
rtl_dataset\rtl\pipeline_0941.v,result_0941,1,1,1,pipeline
rtl_dataset\rtl\complex_datapath_0942.v,result_0942,44,37,5,complex_datapath
rtl_dataset\rtl\processor_datapath_0943.v,result_0943,18,18,4,processor_datapath
rtl_dataset\rtl\simple_alu_0944.v,result_0944,12,11,3,simple_alu
rtl_dataset\rtl\processor_datapath_0945.v,result_0945,19,21,5,processor_datapath
rtl_dataset\rtl\complex_datapath_0946.v,result_0946,37,32,4,complex_datapath
rtl_dataset\rtl\processor_datapath_0947.v,result_0947,21,21,5,processor_datapath
rtl_dataset\rtl\counter_with_logic_0948.v,result_0948,3,2,1,counter_with_logic
rtl_dataset\rtl\counter_with_logic_0949.v,result_0949,11,11,2,counter_with_logic
rtl_dataset\rtl\processor_datapath_0950.v,result_0950,8,8,1,processor_datapath
rtl_dataset\rtl\complex_datapath_0951.v,result_0951,13,14,1,complex_datapath
rtl_dataset\rtl\processor_datapath_0952.v,result_0952,8,7,1,processor_datapath
rtl_dataset\rtl\simple_alu_0953.v,result_0953,15,17,4,simple_alu
rtl_dataset\rtl\processor_datapath_0954.v,result_0954,11,9,2,processor_datapath
rtl_dataset\rtl\processor_datapath_0955.v,result_0955,15,16,4,processor_datapath
rtl_dataset\rtl\processor_datapath_0956.v,result_0956,11,10,2,processor_datapath
rtl_dataset\rtl\complex_datapath_0957.v,result_0957,40,33,4,complex_datapath
rtl_dataset\rtl\simple_alu_0958.v,result_0958,7,7,2,simple_alu
rtl_dataset\rtl\complex_datapath_0959.v,result_0959,20,23,2,complex_datapath
rtl_dataset\rtl\pipeline_0960.v,result_0960,5,4,2,pipeline
rtl_dataset\rtl\complex_datapath_0961.v,result_0961,26,29,3,complex_datapath
rtl_dataset\rtl\counter_with_logic_0962.v,result_0962,36,31,4,counter_with_logic
rtl_dataset\rtl\processor_datapath_0963.v,result_0963,13,13,2,processor_datapath
rtl_dataset\rtl\simple_alu_0964.v,result_0964,11,9,2,simple_alu
rtl_dataset\rtl\processor_datapath_0965.v,result_0965,7,8,1,processor_datapath
rtl_dataset\rtl\pipeline_0966.v,result_0966,7,5,2,pipeline
rtl_dataset\rtl\pipeline_0967.v,result_0967,7,5,3,pipeline
rtl_dataset\rtl\pipeline_0968.v,result_0968,10,9,5,pipeline
rtl_dataset\rtl\processor_datapath_0969.v,result_0969,17,14,4,processor_datapath
rtl_dataset\rtl\counter_with_logic_0970.v,result_0970,2,1,1,counter_with_logic
rtl_dataset\rtl\simple_alu_0971.v,result_0971,11,10,4,simple_alu
rtl_dataset\rtl\processor_datapath_0972.v,result_0972,13,12,3,processor_datapath
rtl_dataset\rtl\pipeline_0973.v,result_0973,9,7,4,pipeline
rtl_dataset\rtl\simple_alu_0974.v,result_0974,8,9,3,simple_alu
rtl_dataset\rtl\simple_alu_0975.v,result_0975,16,16,4,simple_alu
rtl_dataset\rtl\complex_datapath_0976.v,result_0976,38,37,4,complex_datapath
rtl_dataset\rtl\processor_datapath_0977.v,result_0977,8,7,1,processor_datapath
rtl_dataset\rtl\processor_datapath_0978.v,result_0978,18,14,5,processor_datapath
rtl_dataset\rtl\pipeline_0979.v,result_0979,2,1,1,pipeline
rtl_dataset\rtl\complex_datapath_0980.v,result_0980,27,28,3,complex_datapath
rtl_dataset\rtl\simple_alu_0981.v,result_0981,11,10,4,simple_alu
rtl_dataset\rtl\pipeline_0982.v,result_0982,4,4,2,pipeline
rtl_dataset\rtl\complex_datapath_0983.v,result_0983,44,52,5,complex_datapath
rtl_dataset\rtl\pipeline_0984.v,result_0984,10,9,5,pipeline
rtl_dataset\rtl\processor_datapath_0985.v,result_0985,13,12,3,processor_datapath
rtl_dataset\rtl\counter_with_logic_0986.v,result_0986,20,22,4,counter_with_logic
rtl_dataset\rtl\counter_with_logic_0987.v,result_0987,4,4,1,counter_with_logic
rtl_dataset\rtl\complex_datapath_0988.v,result_0988,34,36,3,complex_datapath
rtl_dataset\rtl\simple_alu_0989.v,result_0989,4,3,1,simple_alu
rtl_dataset\rtl\processor_datapath_0990.v,result_0990,22,26,5,processor_datapath
rtl_dataset\rtl\simple_alu_0991.v,result_0991,2,2,1,simple_alu
rtl_dataset\rtl\counter_with_logic_0992.v,result_0992,12,10,2,counter_with_logic
rtl_dataset\rtl\complex_datapath_0993.v,result_0993,24,24,2,complex_datapath
rtl_dataset\rtl\simple_alu_0994.v,result_0994,12,11,4,simple_alu
rtl_dataset\rtl\simple_alu_0995.v,result_0995,19,19,5,simple_alu
rtl_dataset\rtl\pipeline_0996.v,result_0996,7,7,3,pipeline
rtl_dataset\rtl\processor_datapath_0997.v,result_0997,18,21,4,processor_datapath
rtl_dataset\rtl\simple_alu_0998.v,result_0998,17,13,5,simple_alu
rtl_dataset\rtl\counter_with_logic_0999.v,result_0999,33,33,4,counter_with_logic
